DIRT,DIRT,DIRT,DIRT,DIRT,DIRT,DIRT,DIRT,DIRT,DIRT,DIRT,DIRT,DIRT,DIRT,DIRT,DIRT,DIRT,DIRT,DIRT,DIRT,DIRT,DIRT,DIRT,DIRT,DIRT,DIRT,DIRT,DIRT,DIRT,DIRT,DIRT,DIRT
DIRT,DIRT,DIRT,WATER,DIRT,DIRT,DIRT,DIRT,DIRT,DIRT,DIRT,DIRT,DIRT,DIRT,DIRT,DIRT,DIRT,DIRT,DIRT,DIRT,DIRT,DIRT,DIRT,DIRT,DIRT,DIRT,DIRT,DIRT,DIRT,DIRT,DIRT,DIRT
DIRT,DIRT,DIRT,DIRT,DIRT,DIRT,DIRT,DIRT,DIRT,DIRT,DIRT,DIRT,DIRT,DIRT,DIRT,DIRT,WATER,DIRT,DIRT,DIRT,DIRT,DIRT,DIRT,DIRT,DIRT,DIRT,DIRT,DIRT,DIRT,DIRT,DIRT,DIRT
DIRT,DIRT,DIRT,DIRT,DIRT,DIRT,DIRT,DIRT,DIRT,DIRT,DIRT,DIRT,DIRT,DIRT,DIRT,DIRT,WATER,WATER,WATER,WATER,DIRT,DIRT,DIRT,DIRT,DIRT,WATER,DIRT,DIRT,DIRT,DIRT,DIRT,DIRT
DIRT,DIRT,DIRT,DIRT,DIRT,DIRT,DIRT,WATER,DIRT,DIRT,DIRT,DIRT,DIRT,DIRT,DIRT,DIRT,DIRT,DIRT,DIRT,DIRT,DIRT,DIRT,DIRT,DIRT,WATER,WATER,DIRT,DIRT,DIRT,DIRT,DIRT,DIRT
DIRT,DIRT,DIRT,DIRT,DIRT,DIRT,DIRT,DIRT,DIRT,DIRT,DIRT,DIRT,DIRT,DIRT,DIRT,DIRT,DIRT,DIRT,DIRT,DIRT,DIRT,DIRT,DIRT,DIRT,WATER,WATER,DIRT,DIRT,DIRT,DIRT,DIRT,DIRT
DIRT,DIRT,DIRT,DIRT,DIRT,DIRT,DIRT,DIRT,DIRT,DIRT,DIRT,DIRT,DIRT,DIRT,DIRT,DIRT,DIRT,DIRT,DIRT,DIRT,DIRT,DIRT,DIRT,DIRT,WATER,WATER,DIRT,DIRT,DIRT,DIRT,DIRT,DIRT
DIRT,DIRT,DIRT,DIRT,DIRT,DIRT,DIRT,DIRT,DIRT,DIRT,DIRT,DIRT,DIRT,DIRT,DIRT,WATER,DIRT,DIRT,DIRT,DIRT,DIRT,DIRT,DIRT,DIRT,WATER,WATER,DIRT,DIRT,DIRT,DIRT,DIRT,DIRT
DIRT,DIRT,DIRT,DIRT,DIRT,DIRT,DIRT,DIRT,DIRT,DIRT,DIRT,DIRT,DIRT,DIRT,DIRT,DIRT,DIRT,DIRT,DIRT,DIRT,DIRT,DIRT,DIRT,DIRT,WATER,WATER,DIRT,DIRT,DIRT,DIRT,DIRT,DIRT
DIRT,DIRT,DIRT,DIRT,DIRT,DIRT,DIRT,DIRT,DIRT,DIRT,DIRT,DIRT,DIRT,DIRT,DIRT,DIRT,DIRT,DIRT,DIRT,DIRT,DIRT,DIRT,DIRT,DIRT,WATER,WATER,DIRT,DIRT,DIRT,DIRT,DIRT,DIRT
DIRT,DIRT,DIRT,DIRT,DIRT,DIRT,DIRT,DIRT,DIRT,WATER,DIRT,DIRT,DIRT,DIRT,DIRT,DIRT,DIRT,DIRT,DIRT,DIRT,DIRT,DIRT,WATER,DIRT,WATER,WATER,DIRT,WATER,DIRT,DIRT,DIRT,DIRT
DIRT,DIRT,DIRT,DIRT,DIRT,DIRT,DIRT,DIRT,DIRT,DIRT,DIRT,DIRT,DIRT,DIRT,DIRT,DIRT,DIRT,DIRT,DIRT,DIRT,DIRT,WATER,WATER,WATER,WATER,WATER,WATER,WATER,WATER,DIRT,DIRT,DIRT
DIRT,DIRT,DIRT,DIRT,DIRT,DIRT,DIRT,DIRT,DIRT,DIRT,DIRT,DIRT,DIRT,DIRT,DIRT,DIRT,DIRT,DIRT,DIRT,DIRT,DIRT,WATER,WATER,WATER,WATER,WATER,WATER,WATER,WATER,DIRT,DIRT,DIRT
DIRT,DIRT,DIRT,WATER,WATER,WATER,DIRT,DIRT,DIRT,DIRT,DIRT,DIRT,DIRT,DIRT,DIRT,DIRT,DIRT,DIRT,DIRT,DIRT,DIRT,DIRT,WATER,DIRT,DIRT,DIRT,DIRT,WATER,DIRT,DIRT,DIRT,DIRT
DIRT,DIRT,DIRT,WATER,WATER,WATER,DIRT,DIRT,DIRT,DIRT,DIRT,DIRT,DIRT,DIRT,DIRT,WATER,DIRT,DIRT,DIRT,WATER,DIRT,DIRT,DIRT,DIRT,DIRT,DIRT,DIRT,DIRT,DIRT,DIRT,DIRT,DIRT
DIRT,DIRT,DIRT,WATER,WATER,WATER,DIRT,DIRT,DIRT,DIRT,DIRT,DIRT,DIRT,DIRT,WATER,DIRT,DIRT,DIRT,DIRT,DIRT,DIRT,DIRT,DIRT,DIRT,DIRT,DIRT,DIRT,DIRT,DIRT,DIRT,DIRT,DIRT
DIRT,DIRT,DIRT,DIRT,DIRT,DIRT,DIRT,DIRT,DIRT,DIRT,DIRT,DIRT,DIRT,WATER,DIRT,DIRT,DIRT,DIRT,DIRT,DIRT,DIRT,DIRT,DIRT,DIRT,DIRT,DIRT,DIRT,DIRT,DIRT,DIRT,DIRT,DIRT
DIRT,DIRT,DIRT,DIRT,DIRT,DIRT,DIRT,DIRT,DIRT,DIRT,DIRT,DIRT,DIRT,DIRT,DIRT,DIRT,DIRT,DIRT,DIRT,DIRT,DIRT,DIRT,DIRT,DIRT,DIRT,DIRT,DIRT,DIRT,DIRT,DIRT,DIRT,DIRT